Actual Statutes,Predicted Statutes,Predicted Constitution_226,"Predicted Indian Penal Code, 1860_302",Predicted Constitution_14,Predicted Constitution_136,Predicted Constitution_32,"Predicted Indian Penal Code, 1860_34",Predicted Constitution_21,"Predicted Indian Penal Code, 1860_149","Predicted Indian Penal Code, 1860_120","Predicted Indian Penal Code, 1860_307","Predicted Indian Penal Code, 1860_148","Predicted Indian Penal Code, 1860_321","Predicted Indian Penal Code, 1860_147","Predicted Indian Penal Code, 1860_324","Predicted Special Courts Act, 1979_5","Predicted Indian Penal Code, 1860_300","Predicted Indian Penal Code, 1860_325","Predicted Indian Penal Code, 1860_5",,,,,Constitution_226,"Indian Penal Code, 1860_302",Constitution_14,Constitution_136,Constitution_32,"Indian Penal Code, 1860_34",Constitution_21,"Indian Penal Code, 1860_149","Indian Penal Code, 1860_120","Indian Penal Code, 1860_307","Indian Penal Code, 1860_148","Indian Penal Code, 1860_321","Indian Penal Code, 1860_147","Indian Penal Code, 1860_324","Special Courts Act, 1979_5","Indian Penal Code, 1860_300","Indian Penal Code, 1860_325","Indian Penal Code, 1860_5"
['Constitution_14'],"['Constitution_226', 'Constitution_32']","""The appellant on July 23, 1975 filed the writ petition in the High Court for quashing the orders dated 29th November 1971, 27th December, 1971 and 21st May, 1975 passed by the Bank.""",NA,NA,NA," ""The appellant on July 23, 1975 filed the writ petition in the High Court for quashing the orders dated 29th November 1971, 27th December, 1971 and 21st May, 1975 passed by the Bank.""",NA,NA,NA,NA,NA,NA,NA,NA,NA,NA,NA,NA,NA,,,,,NA,NA, The appellant protested this action of the Bank complaining that he was not given an opportunity of hearing before passing the order of suspension. ,NA,NA,NA,NA,NA,NA,NA,NA,NA,NA,NA,NA,NA,NA,NA
"['Indian Penal Code, 1860_5', 'Special Courts Act, 1979_5']","['Constitution_226', 'Special Courts Act, 1979_5']","""the appeal filed by him came to be heard by the High Court""",NA,NA,NA,NA,NA,NA,NA,NA,NA,NA,NA,NA,NA,"""the trial of T.R. on the file of the Special Judge against the first respondent""",NA,NA,NA,,,,,NA,NA,NA,NA,NA,NA,NA,NA,NA,NA,NA,NA,NA,NA, in the trial of T.R. on the file of the Special Judge against the first respondent.  The Special Judge accepted the prosecution case and held the first respondent guilty. The Special Judge awarded a sentence of rigorous imprisonment for one year for the conviction under the first charge but did not award any separate sentence for the conviction under the second.  The Special Judge accepted the prosecution case and held the first respondent guilty. The Special Judge awarded a sentence of rigorous imprisonment for one year for the conviction under the first charge but did not award any separate sentence for the conviction under the second. ,NA,NA,NA
"['Indian Penal Code, 1860_321', 'Indian Penal Code, 1860_34', 'Indian Penal Code, 1860_307', 'Indian Penal Code, 1860_324', 'Indian Penal Code, 1860_325']","['Constitution_226', 'Constitution_136','Indian Penal Code, 1860_34','Constitution_21','Indian Penal Code, 1860_149','Indian Penal Code, 1860_307','Indian Penal Code, 1860_148','Indian Penal Code, 1860_321']","""This appeal is preferred against the judgment dated 19.8.2011 passed by the High Court, whereby the High Court partly allowed the appeal filed by the appellants thereby confirming the conviction of the appellants with certain modifications.""",NA,NA,NA,NA,NA,"""At that time, P4 (A-1) and his sons P5 (A-2), P6 (A-3) and P7 (A-4) armed with jaily, pharsi and lathis respectively, entered the land where the complainant was working with his sons and asked them not to cut the pullas as it was jointly held by both the parties.""","""At that time, P4 (A-1) and his sons P5 (A-2), P6 (A-3) and P7 (A-4) armed with jaily, pharsi and lathis respectively, entered the land where the complainant was working with his sons and asked them not to cut the pullas as it was jointly held by both the parties.""",NA,"""In the fight, the accused persons started inflicting injuries to the complainant, and his sons P5 (A-2) gave a pharsi blow on the head of P2, P4 (A-1) caused injury to P1 (PW-5) with two jaily blows. Additionally, P7 and P6 attacked the complainant with lathi blows on shoulder and left elbow respectively and caused several other injuries to the complainant party.""","""At that time, P4 (A-1) and his sons P5 (A-2), P6 (A-3) and P7 (A-4) armed with jaily, pharsi and lathis respectively, entered the land where the complainant was working with his sons and asked them not to cut the pullas as it was jointly held by both the parties.""","""In the fight, the accused persons started inflicting injuries to the complainant, and his sons P5 (A-2) gave a pharsi blow on the head of P2, P4 (A-1) caused injury to P1 (PW-5) with two jaily blows. Additionally, P7 and P6 attacked the complainant with lathi blows on shoulder and",NA,NA,NA,NA,NA,NA,,,,,NA,NA,NA,NA,NA," P4 (A-1) and his sons P5 (A-2), P6 (A-3) and P7 (A-4)  In the fight, the accused persons started inflicting injuries to the complainant, and $4 $S24 $S13 his sons P5 (A-2) gave a pharsi blow on the head of P2, S13$ P4 (A-1) caused injury to P1 (PW-5) with two jaily blows. Additionally, P7 and P6 attacked the complainant with lathi blows on shoulder and left elbow respectively and caused several other injuries to the complainant party.",NA,NA,NA," his sons P5 (A-2) gave a pharsi blow on the head of P2,  In the fight, the accused persons started inflicting injuries to the complainant, and $S64 $S24 $ his sons P5 (A-2) gave a pharsi blow on the head of P2, $ P4 (A-1) caused injury to P1 (PW-5) with two jaily blows. Additionally, P7 and P6 attacked the complainant with lathi blows on shoulder and left elbow respectively and caused several other injuries to the complainant party.",NA,"In the fight, the accused persons started inflicting injuries to the complainant, and $S64 $S24 $S13 his sons P5 (A-2) gave a pharsi blow on the head of P2, S13$ P4 (A-1) caused injury to P1 (PW-5) with two jaily blows. Additionally, P7 and P6 attacked the complainant with lathi blows on shoulder and left elbow respectively and caused several other injuries to the complainant party.",NA," armed with jaily, pharsi and lathis respectively, In the fight, the accused persons started inflicting injuries to the complainant, and $S64 $ $S13 his sons P5 (A-2) gave a pharsi blow on the head of P2, S13$ P4 (A-1) caused injury to P1 (PW-5) with two jaily blows. Additionally, P7 and P6 attacked the complainant with lathi blows on shoulder and left elbow respectively and caused several other injuries to the complainant party.",NA,NA, A CT scan disclosed that large extra-dural haematoma was found in the frontal region with mass effect and P2 needed urgent surgery and he was operated upon and the large extra-dural haematoma was removed. ,NA
"['Indian Penal Code, 1860_307', 'Indian Penal Code, 1860_302']","['Indian Penal Code, 1860_302', 'Constitution_21', 'Indian Penal Code, 1860_120', 'Indian Penal Code, 1860_148', 'Indian Penal Code, 1860_324', 'Indian Penal Code, 1860_325']",NA,"""When P2 succumbed to his injuries, the case was converted to another section.""  ",NA,NA,NA,NA, ,NA,"""As further revealed, accused P4 was apprehended and five cartridges were recovered and on the basis of the statement of P3, an FIR was registered.""  ",NA,"  ""but, at that juncture, P4 took out a desi katta and fired at P2 and the bullet hit in the stomach area.""  ",NA,NA,"  Voluntarily causing hurt by dangerous weapons or means - ""but, at that juncture, P4 took out a desi katta and fired at P2 and the bullet hit in the stomach area.""  ",NA,NA,"""but, at that juncture, P4 took out a desi katta and fired at P2 and the bullet hit in the stomach area.""  ",NA,,,,,NA," When P2 succumbed to his injuries,  and fired at P2 and the bullet hit in the stomach area.",NA,NA,NA,NA,NA,NA,NA," P4, instead of surrendering, took out a knife from his shirt pocket with his left hand and tried to assault ",NA,NA,NA,NA,NA,NA,NA,NA
"['Special Courts Act, 1979_5', 'Indian Penal Code, 1860_5']","['Indian Penal Code, 1860_302']",NA,"""The appellant took his trial on the allegations that he had dishonestly and fraudulently misappropriated a sum of Rs. 3851.60"" ",NA,NA,NA,NA,NA,NA,NA,NA,NA,NA,NA,NA,NA,NA,NA,NA,,,,,NA,NA,NA,NA,NA,NA,NA,NA,NA,NA,NA,NA,NA,NA,NA,NA,NA,NA
"['Indian Penal Code, 1860_34']","['Constitution_226', 'Constitution_32', 'Indian Penal Code, 1860_149', 'Indian Penal Code, 1860_307', 'Indian Penal Code, 1860_321']","""This appeal, by special leave, has been preferred against the judgment and order dated 23 February 2005 of the High Court (Aurangabad Bench)""",NA,NA,NA,"""The right to move the Supreme Court by appropriate proceedings for the enforcement of the rights conferred by this Part is guaranteed.""",NA,NA,"  ""If an offence is committed by any member of an unlawful assembly in prosecution of the common object of that assembly""",NA,"  Attempt to murder - ""Whoever does any act with such intention or knowledge, and under such circumstances that, if he by that act caused death, he would be guilty or murder""",NA,"   ""Whoever, except in the case provided for by section 334, voluntarily causes hurt, shall be punished with imprisonment of either description for a term which may extend to one year""",NA,NA,NA,NA,NA,NA,,,,,NA,NA,NA,NA,NA," her husband and mother-in-law (accused appellants) were harassing her and used to occasionally beat her. they again started harassing her. the accused were not giving her proper food, clothing and even footwear. ",NA,NA,NA,NA,NA,NA,NA,NA,NA,NA,NA,NA
"['Constitution_136', 'Indian Penal Code, 1860_149', 'Indian Penal Code, 1860_302', 'Constitution_32', 'Indian Penal Code, 1860_148']","['Constitution_226', 'Constitution_14', 'Constitution_32', 'Constitution_21']","""The complainant filed a Special Leave Petition in this court seeking leave to appeal against the judgment dated 6th April, 1993 of the High Court.""",NA,"""The State shall not deny to any person equality before the law or the equal protection of the laws within the territory of India.""",NA,"""The right to move the Supreme Court by appropriate proceedings for the enforcement of the rights conferred by this Part is guaranteed.""",NA,"""The complainant and his son P2 ran for their safety and entered the nearby house of P6. They hid themselves in a room by bolting the room from inside.""",NA,NA,NA,NA,NA,NA,NA,NA,NA,NA,NA,,,,,NA," However, P2 died on the spot. ",NA," The complainant P1 filed a Special Leave Petition in this court seeking leave to appeal against the judgment dated 6th April, 1993 of the High Court.   Against the said judgment of the High Court, the complainant filed a Special Leave Petition in this Court. ",NA,NA,NA, the accused persons rushed inside the house and broke open the door which had been bolted from inside. They entered the room where the complainant and his son P2 were hiding.  the seven accused persons were charge-sheeted and tried for the aforesaid offences.  the accused persons were coming back armed with weapons.,NA,NA," P2 was dragged outside the room in the courtyard of the house where accused P4 is said to have given a bhala blow on his stomach. As a result of the blow, P2 fell down. Accused P3 gave a pharsa blow on the head of P2. The other accused persons also assaulted P2 with their weapons.  the accused persons were coming back armed with weapons.",NA,NA,NA,NA,NA,NA,NA
"['Indian Penal Code, 1860_147', 'Indian Penal Code, 1860_307', 'Indian Penal Code, 1860_34', 'Indian Penal Code, 1860_149', 'Constitution_136']","['Constitution_226', 'Constitution_14']","""The order of the trial court convicting them all concludes thus: ""All the five accused are convicted for the offence of rioting punishable and each is sentenced to rigorous imprisonment for the period of six months and to a fine of Rs. 501-, in default, rigorous imprisonment for two weeks for that offence. Accused shall surrender to their bail."" ",NA,"""The order of the trial court convicting them all concludes thus: ""All the five accused are convicted for the offence of rioting punishable and each is sentenced to rigorous imprisonment for the period of six months and to a fine of Rs. 501-, in default, rigorous imprisonment for two weeks for that offence. Accused shall surrender to their bail."" ",NA,NA,NA,NA,NA,NA,NA,NA,NA,NA,NA,NA,NA,NA,NA,,,,,NA,NA,NA, in the present appeal by special leave ,NA," That you all on the same date, time and place  That you all accused nos. 1 to 5 on or about 12th day of November, 1967 at about 5-45 a.m. near XYZ Road,   ",NA," That you all on the same date, time and place, were members of unlawful assembly, ",NA," to commit murder of P3 or to cause grievous hurt to him, one or all you caused grievous hurts to him which offence you knew to be likely to be committed in prosecution of the common object of the said assembly. ",NA,NA,NA,NA,NA,NA,NA,NA
"['Constitution_226', 'Constitution_32']","['Constitution_226', 'Constitution_32']","Power of High Courts to issue certain writs  Words or lines from the fact statement due to which the  is applicable: ""The detenu filed a petition for a writ of habeas corpus in the High Court at L2.""",NA,NA,NA,"Words or lines from the fact statement due to which the  is applicable: ""The detenu filed a petition for a writ of habeas corpus in the High Court at L2.""",NA,NA,NA,NA,NA,NA,NA,NA,NA,NA,NA,NA,NA,,,,, The detenu filed a petition for a writ of habeas corpus in the High Court ,NA,NA,NA, a petition for special leave against the judgment of the High Court as also a writ petition for a writ of habeas corpus ,NA,NA,NA,NA,NA,NA,NA,NA,NA,NA,NA,NA,NA
"['Indian Penal Code, 1860_302']","['Indian Penal Code, 1860_302', 'Indian Penal Code, 1860_149', 'Indian Penal Code, 1860_307', 'Indian Penal Code, 1860_321', 'Special Courts Act, 1979_5']",NA,"""indiscriminately fired and murdered Dr D1""",NA,NA,NA,NA,NA,"""along with one companion""",NA,"  Attempt to murder - ""indiscriminately fired and murdered Dr D1""",NA,"   ""brutal murder""",NA,NA,"   ""The petitioner has been under detention""",NA,NA,NA,,,,,NA, indiscriminately fired and murdered Dr D1   the brutal murder ,NA,NA,NA,NA,NA,NA,NA,NA,NA,NA,NA,NA,NA,NA,NA,NA
['Constitution_226'],"['Constitution_226', 'Constitution_32']","""The respondent presented an appeal to the Chief Commissioner against the order of termination""",NA,NA,NA,"""The respondent then filed in the Court of the Judicial Commissioner, L1, a petition for a writ praying for a writ declaring that the order of the Superintendent of Police terminating his service was ""illegal"" and for a writ of mandamus or a writ of certiorari directing the Chief Commissioner not to enforce the said order and for an order reinstating him in the Police Force of the L1 Administration with retros pective effect.""",NA,NA,NA,NA,NA,NA,NA,NA,NA,NA,NA,NA,NA,,,,," a petition for a writ praying for a writ declaring that the order of the Superintendent of Police terminating his service was ""illegal"" and for a writ of mandamus or a writ of certiorari directing the Chief Commissioner not to enforce the said order ",NA,NA,NA,NA,NA,NA,NA,NA,NA,NA,NA,NA,NA,NA,NA,NA,NA
"['Indian Penal Code, 1860_120', 'Indian Penal Code, 1860_34', 'Indian Penal Code, 1860_302']","['Constitution_226', 'Constitution_14', 'Indian Penal Code, 1860_34', 'Indian Penal Code, 1860_149', 'Indian Penal Code, 1860_307', 'Indian Penal Code, 1860_321']","""P1 is before us being aggrieved by and dissatisfied with the judgment and order dated 17.10.2005 passed by a Division Bench of the High Court.""",NA,"""The State shall not deny to any person equality before the law or the equal protection of the laws within the territory of India.""",NA,NA,"  Acts done by several persons in furtherance of common intention - ""Allegedly, when cremation was taking place, the appellant took a vow to take revenge of murder of his father.""",NA,"""When they were at distance of about 3 k.m. from P1, the accused persons who were in a Maruti van parked the vehicle by the side of road got down.""",NA,"  Attempt to murder - ""P3 (Accused No. 3) is said to have caught hold P5 and P6 (Accused No.2) and P4 (Accused No. 4) inflicted stab injuries with knives.""",NA,"   ""An attempt to rescue the deceased by PW-4 resulted in a threat to him, whereupon he started running towards Jalgaon.""",NA,NA,NA,NA,NA,NA,,,,,NA, were tried for committing the murder of one P5.   inflicted stab injuries with knives.  he died,NA,NA,NA," He was chased by Accused Nos. 2 and 3 and The motorcycle was stopped by Accused Nos. 2, 3 and 4. P3 (Accused No. 3) is $S76 said to have caught hold P5 S76$ and P6 (Accused No.2) and P4 (Accused No. 4) ",NA,NA,NA,NA,NA,NA,NA,NA,NA,NA,NA,NA
"['Indian Penal Code, 1860_148', 'Indian Penal Code, 1860_149', 'Indian Penal Code, 1860_325', 'Indian Penal Code, 1860_302']","['Constitution_226', 'Constitution_14', 'Indian Penal Code, 1860_34', 'Indian Penal Code, 1860_149']","""The appellants have filed this appeal as of right"" ",NA,S3:  ,NA,NA,"  Acts done by several persons in furtherance of common intention - ""When a criminal act is done by several persons in furtherance of the common intention of all, each of such persons is liable for that act in the same manner as if it were done by him alone."" ",NA,"""If an offence is committed by any member of an unlawful assembly in prosecution of the common object of that assembly, or such as the members of that assembly knew to be likely to be committed in prosecution of that object, every person who, at the time of the committing of that offence, is a member of the same assembly, is guilty of that offence."" ",NA,NA,NA,NA,NA,NA,NA,NA,NA,NA,,,,,NA,NA,NA,NA,NA,NA,NA," an unlawful assembly on the evening of 24-10-1985 and layn ambush waiting for P1 (deceased) to come through the road and on seeing P1 they all launched an attack with weapons like gandasa, takua and ghope",NA,NA, offence of rioting. ,NA,NA,NA,NA,NA," she too was attacked by them.   she herself sustained as many as eight injuries, some of them serious, during the occurrence. ",NA
"['Indian Penal Code, 1860_300', 'Indian Penal Code, 1860_324', 'Indian Penal Code, 1860_302', 'Indian Penal Code, 1860_307']","['Indian Penal Code, 1860_302', 'Constitution_21', 'Indian Penal Code, 1860_120', 'Indian Penal Code, 1860_148']",NA,"""At that time, appellant snatched away dagger from P7 and started stabbing P3 repeatedly. At that stage, his daughter P9 intervened and asked the appellant as to why he was stabbing P3. P7 stated that she was the root of all troubles so the appellant started stabbing P9 at her abdomen, neck and other parts of her body.""",NA,NA,NA,NA,  ,NA,"   ""At that time, appellant snatched away dagger from P7 and started stabbing P3 repeatedly. At that stage, his daughter P9 intervened and asked the appellant as to why he was stabbing P3. P7 stated that she was the root of all troubles so the appellant started stabbing P9 at her abdomen, neck and other parts of her body.""",NA,"  ""At that time, appellant snatched away dagger from P7 and started stabbing P3 repeatedly. At that stage, his daughter P9 intervened and asked the appellant as to why he was stabbing P3. P7 stated that she was the root of all troubles so the appellant started stabbing P9 at her abdomen, neck and other parts of her body.""",NA,NA,NA,NA,NA,NA,NA,,,,,NA,"both the deceased persons were killed by the appellant by inflicting dagger blows,  P3 and P9 died at the spot.",NA,NA,NA,NA,NA,NA,NA, stabbed on his left eye   started stabbing P3 repeatedly. ,NA,NA,NA,NA,NA,NA,NA,NA
['Constitution_32'],['Constitution_21'],NA,NA,NA,NA,NA,NA,"""challenging an order of detention dated 1st March, 2001 it appears that the petitioner is presently confined in Central Prison and it is this detention which the petitioner contended is without the authority of law and constitute an infringement of his guaranteed fundamental rights.""",NA,NA,NA,NA,NA,NA,NA,NA,NA,NA,NA,,,,,NA,NA,NA,NA, present Writ Petition   an infringement of his guaranteed fundamental rights. ,NA,NA,NA,NA,NA,NA,NA,NA,NA,NA,NA,NA,NA
"['Indian Penal Code, 1860_148', 'Indian Penal Code, 1860_147', 'Indian Penal Code, 1860_149', 'Indian Penal Code, 1860_302']","['Constitution_226', 'Indian Penal Code, 1860_34', 'Indian Penal Code, 1860_149', 'Indian Penal Code, 1860_307']","""This appeal is preferred by the appellants against the judgment and order dated 31.08.2012 passed by the High Court whereby the High Court has allowed the appeal filed by the State and convicted all the appellants and sentenced them to undergo rigorous imprisonment for life and to pay a fine of Rs.10,000/- each.""",NA,NA,NA,NA,"  Acts done by several persons in furtherance of common intention - ""The brief facts of the case, as per the prosecution story, are that on 5.1.2001 at about 6:10 p.m. at  L1, the accused persons formed an unlawful assembly and in prosecution of the common object of such assembly, committed the murder of  P2.""",NA,"""The brief facts of the case, as per the prosecution story, are that on 5.1.2001 at about 6:10 p.m. at  L1, the accused persons formed an unlawful assembly and in prosecution of the common object of such assembly, committed the murder of  P2.""",NA,"""The appellant after committing the offence escaped from the place of occurrence by bolting the door from outside.""",NA,"""The appellant after committing the offence escaped from the place of occurrence by bolting the door from outside.""",NA,NA,"""This appeal by special leave is directed against the Judgment rendered by a High Court confirming the conviction of the appellant for the offences punishable.""","""The High Court by the impugned judgment confirmed the judgment passed by the Principal Sessions Judge convicting the appellant and sentencing him to suffer imprisonment for life and rigorous imprisonment for seven years, respectively.""","""The High Court by the impugned judgment confirmed the judgment passed by the Principal Sessions Judge convicting the appellant and sentencing him to suffer imprisonment for life and rigorous imprisonment for seven years, respectively, and further to pay a fine of Rs.1,000/- each and in default, to suffer simple imprisonment for a period of six months each.""",NA,,,,,NA,NA,NA,NA,NA,NA,NA,"the accused persons formed an unlawful assembly and in prosecution of the common object of such assembly, $S2 committed the murder of  P2",NA,NA,NA,NA," the accused persons formed an unlawful assembly and in prosecution of the common object of such assembly,  sentenced them to undergo rigorous imprisonment for life and to pay a fine of Rs.10,000/- each. ",NA,NA,NA,NA,NA
"['Indian Penal Code, 1860_307', 'Constitution_136', 'Indian Penal Code, 1860_302', 'Indian Penal Code, 1860_34']","['Constitution_226', 'Indian Penal Code, 1860_302','Constitution_21', 'Indian Penal Code, 1860_149','Indian Penal Code, 1860_307', 'Indian Penal Code, 1860_321', 'Special Courts Act, 1979_5','Indian Penal Code, 1860_300','Indian Penal Code, 1860_325',]"," ""This appeal by special leave is directed against the Judgment rendered by a High Court confirming the conviction of the appellant for the offences punishable.""","""The High Court by the impugned judgment confirmed the judgment passed by the Principal Sessions Judge convicting the appellant and sentencing him to suffer imprisonment for life and rigorous imprisonment for seven years, respectively.""",NA,NA,NA,"  Acts done by several persons in furtherance of common intention - ""The appellant after committing the offence escaped from the place of occurrence by bolting the door from outside.""","""On the intervening night of 7th/8th April, 2002 appellant went to the house of the deceased in a village with an intention to end the life of the deceased and knocked at the door of the deceased which was opened by the wife of the deceased,  P1 (PW-3) and the appellant-accused all of a sudden hacked and attempted to kill her by inflicting severe injuries on her body, as a result of which she fell down and then he rushed towards the deceased who was sleeping and hacked him by inflicting severe injuries.""",NA,NA,NA,NA,"   ""The appellant after committing the offence escaped from the place of occurrence by bolting the door from outside.""",NA,NA,"   ""This appeal by special leave is directed against the Judgment rendered by a High Court confirming the conviction of the appellant for the offences punishable.""",NA,NA,NA,,,,,NA, he rushed towards the deceased who was sleeping and hacked him by inflicting severe injuries.   appellant attacked the deceased with sharp edged weapon resulting in his death. ,NA, appeal by special leave is directed against the Judgment rendered by a High Court ,NA,NA,NA,NA,NA, with an intention to end the life of the deceased   hacked and attempted to kill her by inflicting severe injuries on her body ,NA,NA,NA,NA,NA,NA,NA,NA
"['Constitution_226', 'Constitution_14']","['Constitution_226', 'Constitution_136', 'Indian Penal Code, 1860_307', 'Indian Penal Code, 1860_321', 'Special Courts Act, 1979_5']","""Challenge in this appeal is to the judgment of a learned Single Judge of the High Court by which two Writ Petitions filed by the respondent were disposed of""",NA,NA," Special leave to appeal by the Supreme Court - ""This order was challenged before the Industrial Disputes Tribunal which was dismissed. However, as noted above the High Court has remanded the matter to the Tribunal""",NA,NA,NA,NA,NA,"  Attempt to murder - ""It is to be noted that the Labour Court had observed that the employer had regularized the respondent as a Chowkidar with effect from 5.7.1997 which was refused by him""",NA,"   ""It was noted by the High Court that there was no dispute that the respondent was employed as a clerk""",NA,NA,"   ""A special Judge may take cognizance of offences without the accused being committed to him for trial and, in trying the accused persons, shall follow the procedure prescribed by the Code of Criminal Procedure, 1973 (2 of 1974), for the trial of warrant case by Magistrates""",NA,NA,NA,,,,," judgment of a learned Single Judge of the High Court by which two Writ Petitions filed by the respondent   In the Writ Petition   on a Writ Petition being filed, the High Court ",NA,NA,NA,NA,NA,NA,NA,NA,NA,NA,NA,NA,NA,NA,NA,NA,NA
"['Indian Penal Code, 1860_34']","['Constitution_226', 'Constitution_14', 'Constitution_32']","Power of High Courts to issue certain writs""Assailing the legal acceptability of the judgment and order passed by the High Court""",NA,"""Filtering the unnecessary details, the prosecution case, in brief, is that the marriage between the appellant No. 1 and deceased  P1, sister of the informant, PW-2, was solemnized on 24.9.1997. After the marriage the deceased stayed with her husband and the mother-in-law, the appellant No.2 herein, at the matrimonial home.""",NA," ""Grieved by the judgment of conviction and the order of sentence the appellants filed an appeal. The High Court at the stage of admission had suo motu issued notice for enhancement of sentence. The State had appealed for the self-same purpose. The appeals and the revision application were disposed of by a common judgment dated 6.9.2007 whereby the Division Bench of the High Court concurred with the view expressed by the learned trial Judge and, accordingly, dismissed the appeals preferred by the accused as well as by the State and resultantly suo motu by the High Court also stood dismissed. The non-success in the appeal has compelled the accused-appellants to prefer this appeal by special leave.""",NA,NA,NA,NA,NA,NA,NA,NA,NA,NA,NA,NA,NA,,,,,NA,NA,NA,NA,NA,NA,NA,NA,NA,NA,NA,NA,NA,NA,NA,NA,NA,NA
"['Constitution_21', 'Constitution_226', 'Constitution_32', 'Constitution_14']","['Constitution_14', 'Constitution_32', 'Indian Penal Code, 1860_307', 'Indian Penal Code, 1860_324', 'Indian Penal Code, 1860_325']",NA,NA,"""direct the State of Haryana to revalidate the licence/permission granted by the Director""",NA,"""prays for an order in the nature of mandamus""",NA,NA,NA,NA,"  Attempt to murder - ""direct the State of Haryana to revalidate the licence/permission granted by the Director""",NA,NA,NA,"Voluntarily causing hurt by dangerous weapons or means - ""direct the State of Haryana to revalidate the licence/permission granted by the Director""",NA,NA,"""direct the State of Haryana to revalidate the licence/permission granted by the Director""",NA,,,,,NA,NA,NA,NA,the petitioner prays for an order in the nature of mandamus to direct the State of Haryana,NA,NA,NA,NA,NA,NA,NA,NA,NA,NA,NA,NA,NA
"['Indian Penal Code, 1860_321', 'Indian Penal Code, 1860_324', 'Indian Penal Code, 1860_300', 'Indian Penal Code, 1860_302', 'Indian Penal Code, 1860_34']","['Indian Penal Code, 1860_302', 'Constitution_136', 'Indian Penal Code, 1860_34', 'Indian Penal Code, 1860_149', 'Indian Penal Code, 1860_307', 'Indian Penal Code, 1860_321', 'Indian Penal Code, 1860_324']",NA,"Punishment for Murder ""The appellants were found guilty and sentenced to undergo various terms of sentences."" ",NA,"Special leave to appeal by the Supreme Court ""These appeals are directed against the judgment of a High Court whereby an appeal and a criminal revision were disposed of."" ",NA,"  Acts done by several persons in furtherance of common intention ""The appellants were found guilty and sentenced to undergo various terms of sentences."" ",NA,"""The appellants were found guilty and sentenced to undergo various terms of sentences."" ",NA,"  Attempt to murder ""The appellants were found guilty and sentenced to undergo various terms of sentences."" ",NA,"  Punishment for voluntarily causing hurt ""On examining P6, he found the first injury to be an incised wound. Second and third were abrasions on the left shoulder and neck. The fourth injury was a lacerated wound on the right parietal area of scalp."" ",NA,S24,NA,NA,NA,NA,,,,,NA,NA,NA,NA,NA, the appellants felt offended and  when the members of the complainant party came forward and obstructed the appellant from doing the work and restrained them from pulling out the pipe.  the appellants felt offended and,NA,NA,NA,NA,NA," attacked the complainant party.  the first injury to be an incised wound. Second and third were abrasions on the left shoulder and neck. The fourth injury was a lacerated wound on the right parietal area of scalp. On the post-mortem conducted on P4, an incised wound was found on the parietal area of the scalp",NA, P4 was attacked ,NA,NA,NA,NA
"['Constitution_136', 'Constitution_226', 'Constitution_32']",['Constitution_226'],"""It was argued that the Reference Court was bound to consider the deeds of sale relied upon by the Collector in his Award. High Court rejected the said contentions stating that the Reference Court had not committed any error of law in taking into consideration the evidence adduced by the said witness."" ",NA,NA,NA,NA,NA,NA,NA,NA,NA,NA,NA,NA,NA,NA,NA,NA,NA,,,,,NA,NA,NA,NA,NA,NA,NA,NA,NA,NA,NA,NA,NA,NA,NA,NA,NA,NA
['Constitution_136'],"['Constitution_226', 'Constitution_136', 'Constitution_32', 'Special Courts Act, 1979_5']","""This Appeal came up for hearing before a Division Bench of this Court on November 18,1987. After hearing Counsel for the parties. in order to ensure fairplay in the action, this Court set aside the award of the Arbitrator and also the judgment of the High Court and appointed a former Judge of this Court, as the sole arbitrator to adjudicate upon the disputes between the parties.""  ""Appellant moved for issuance of a writ of Habeas Corpus before the High Court.""",NA,NA,"""This Appeal came up for hearing before a Division Bench of this Court on November 18,1987. After hearing Counsel for the parties. in order to ensure fairplay in the action, this Court set aside the award of the Arbitrator and also the judgment of the High Court and appointed a former Judge of this Court, as the sole arbitrator to adjudicate upon the disputes between the parties."" "," S5: 
 ""This Appeal came up for hearing before a Division Bench of this Court on November 18,1987. After hearing Counsel for the parties. in order to ensure fairplay in the action, this Court set aside the award of the Arbitrator and also the judgment of the High Court and appointed a former Judge of this Court, as the sole arbitrator to adjudicate upon the disputes between the parties."" ",NA,NA,NA,NA,NA,NA,NA,NA,NA,"  
 ""Pursuant to the said order of this Court, former judge entered upon the reference and made and made and published his award on March 18,1988.""",NA,NA,NA,,,,,NA,NA,NA, This decision of the learned Single Judge was challenged before this Court by way of Special Leave Petition. ,NA,NA,NA,NA,NA,NA,NA,NA,NA,NA,NA,NA,NA,NA
['Constitution_136'],"['Constitution_226', 'Constitution_14', 'Constitution_32', 'Constitution_21', 'Indian Penal Code, 1860_120']","""Appellant moved for issuance of a writ of Habeas Corpus before the High Court.""",NA,"""The State shall not deny to any person equality before the law or the equal protection of the laws within the territory of India.""",NA," ""(1) The right to move the Supreme Court by appropriate proceedings for the enforcement of the rights conferred by this Part is guaranteed.""",NA,  ,NA,"""(1) Whoever is a party to a criminal conspiracy to commit an offence punishable with death, 1 [imprisonment for life] or rigorous imprisonment for a term of two years or upwards, shall, where no express provision is made in this Code for the punishment of such a conspiracy, be punished in the same manner as if he had abetted such offence.""",NA,NA,NA,NA,NA,NA,NA,NA,NA,,,,,NA,NA,NA," This appeal, however, has been pressed as a proceeding and has been initiated against Appellant. ",NA,NA,NA,NA,NA,NA,NA,NA,NA,NA,NA,NA,NA,NA
"['Indian Penal Code, 1860_147', 'Indian Penal Code, 1860_34', 'Indian Penal Code, 1860_302']","['Constitution_226', 'Indian Penal Code, 1860_34', 'Indian Penal Code, 1860_149', 'Indian Penal Code, 1860_307', 'Indian Penal Code, 1860_321', 'Special Courts Act, 1979_5']","""Challenge in this appeal is to the judgment of the High Court dismissing the appeal filed by the appellants""",NA,NA,NA,NA,"  Acts done by several persons in furtherance of common intention - ""P3 s/o P4, P5 S/o P6 and P7 s/o P3 along with two others assaulted his brother P2 with spears""",NA,"""P3 s/o P4, P5 S/o P6 and P7 s/o P3 along with two others assaulted his brother P2 with spears""",NA,"  Attempt to murder - ""P3 s/o P4, P5 S/o P6 and P7 s/o P3 along with two others assaulted his brother P2 with spears""",NA,"   ""P3 s/o P4, P5 S/o P6 and P7 s/o P3 along with two others assaulted his brother P2 with spears""",NA,NA,"   ""By order dated 27th October, 2003, the case was committed by the learned SDJM(S), to the Court of the Sessions Judge, Jothat for trial of offences""",NA,NA,NA,,,,,NA,NA,NA,NA,NA," P3 s/o P4, P5 S/o P6 and P7 s/o P3 along with two others assaulted his brother P2 with spears thereby severely injuring him S21 while he was ploughing the field. He also stated that deceased-P2 was taken to the hospital for treatment but he died there",NA,NA,NA,NA,NA,NA,NA,NA,NA,NA,NA,NA
"['Constitution_21', 'Constitution_14', 'Indian Penal Code, 1860_302']","['Indian Penal Code, 1860_302']",NA,"""murdering his wife, P1""",NA,NA,NA,NA,NA,NA,NA,NA,NA,NA,NA,NA,NA,NA,NA,NA,,,,,NA," the appellant was charge sheeted for murdering his wife, P1, by giving her Sodium Cyanide.   The appellant pleaded not guilty to the charge of murder  Nobody except the appellant had procured the Cyanide poison and the appellant had persuaded the deceased P1 to take it under the garb of it being an oral contraceptive. ",NA,NA,NA,NA,NA,NA,NA,NA,NA,NA,NA,NA,NA,NA,NA,NA
"['Indian Penal Code, 1860_302', 'Indian Penal Code, 1860_34']","['Indian Penal Code, 1860_302', 'Indian Penal Code, 1860_149', 'Indian Penal Code, 1860_307', 'Indian Penal Code, 1860_321', 'Indian Penal Code, 1860_325']",NA,"""Her mother-in-law lit a matchstick and threw the same at her""",NA,NA,NA,NA,NA,"""Her father-in-law had thus poured kerosene on her and had asked his wife to set her on fire""",NA,"  Attempt to murder - ""Her father-in-law had thus poured kerosene on her and had asked his wife to set her on fire""",NA,"   ""Her mother-in-law gave her few slaps""",NA,NA,NA,NA,"   ""Her mother-in-law gave her few slaps""",NA,,,,,NA," Her mother-in-law then directed her husband to burn her alive. Her father-in-law had thus poured kerosene on her and had asked his wife to set her on fire, as a result of which her mother-in-law lit a matchstick and threw the same at her. Since the deceased began to scream, her parents-in-law came out of the house and bolted the door from the outside.  the deceased was admitted to the Government Hospital at 3.25 p.m., where she died at 3.35 p.m. ",NA,NA,NA,NA,NA,NA,NA,NA,NA,NA,NA,NA,NA,NA,NA,NA
"['Indian Penal Code, 1860_325', 'Indian Penal Code, 1860_321', 'Indian Penal Code, 1860_302', 'Indian Penal Code, 1860_149']","['Indian Penal Code, 1860_302', 'Constitution_21']",NA," ""Whoever commits murder shall be punished with death, or 1 [imprisonment for life], and shall also be liable to fine."" - ""P3 and P2, thereafter, went to police station Shioor for lodging a complaint with respect to the behaviour of the appellants and while they were returning from the police station they were waylaid by the appellants, P4 armed with an iron rod and all the others with sticks. They also attacked P3 with their weapons on which he became unconscious and fell to the ground.""",NA,NA,NA,NA,"   - ""P3 and P2, thereafter, went to police station Shioor for lodging a complaint with respect to the behaviour of the appellants and while they were returning from the police station they were waylaid by the appellants, P4 armed with an iron rod and all the others with sticks. They also attacked P3 with their weapons on which he became unconscious and fell to the ground.""",NA,NA,NA,NA,NA,NA,NA,NA,NA,NA,NA,,,,,NA, They also attacked P3 with their weapons on which he became unconscious and fell to the ground.  the deceased P3. ,NA,NA,NA,NA,NA," the accused appellants, obstructed the way by putting stones and thorny bushes. The accused also abused PW.12 and ",NA,NA,NA,NA,NA,NA,NA,NA,NA,NA
"['Indian Penal Code, 1860_120', 'Special Courts Act, 1979_5']","['Constitution_136', 'Indian Penal Code, 1860_34', 'Indian Penal Code, 1860_324']",NA,NA,NA,"Special leave to appeal by the Supreme Court Words from Fact Statement: ""This is an appeal by special leave from the judgment and order of the High Court dated March 27, 1958, whereby the said High Court maintained the conviction of the appellant but reduced the sentence of four years\' rigorous imprisonment passed on the appellant by the Special Judge, Kanpur, to two years\' rigorous imprisonment.""",NA,"  Acts done by several persons in furtherance of common intention Words from Fact Statement: ""The charge further stated that a sum of Rs. 9,284-1-0 was recovered on a search of his house on September 9 and 10, 1952 and this amount was disproportionate to the known sources of income of the appellant. There was an allegation by the prosecution that the acts of dishonest misappropriation etc. were committed by the appellant in conspiracy with two other persons called P2 and P3.""",NA,NA,NA,NA,NA,NA,NA,S24,NA,NA,NA,NA,,,,,NA,NA,NA,NA,NA,NA,NA,NA," the acts of dishonest misappropriation etc. were committed by the appellant in conspiracy with two other persons called P2 and P3. Therefore, the charges against the appellant were (1) for the offence of conspiracy ",NA,NA,NA,NA,NA, The learned Special Judge who tried the appellant P2 and P3 recorded an order of acquittal in respect of the latter two persons.   On this charge the learned Special Judge recorded an order of conviction ,NA,NA,NA
['Constitution_32'],"['Constitution_136', 'Indian Penal Code, 1860_149', 'Indian Penal Code, 1860_321', 'Indian Penal Code, 1860_324']",NA,NA,NA,"Special leave to appeal by the Supreme Court - ""The petitioners have also prayed for cancellation of bail granted to respondent nos. 4 and 5.""",NA,NA,NA,"""The petitioners have also prayed that at least one inspector be provided for each fodder case.""",NA,NA,NA,"   ""The petitioners have alleged that the public prosecutors who were handling the cases were removed and to protect the interests of respondent nos. 4 and 5, convenient prosecutor was appointed.""",NA,S24,NA,NA,NA,NA,,,,,NA,NA,NA,NA," These writ petitions are filed as Public Interest Litigation   issue an appropriate writ, order or direction monitoring the conduct of the trials ",NA,NA,NA,NA,NA,NA,NA,NA,NA,NA,NA,NA,NA
"['Indian Penal Code, 1860_34', 'Indian Penal Code, 1860_324', 'Indian Penal Code, 1860_302', 'Indian Penal Code, 1860_300']","['Indian Penal Code, 1860_302', 'Constitution_21']",NA,"""On April 18, 1980, a wet underwear drying-up on the roof flew away which was picked up by the first appellant P3. But when witness P2 demanded the same, the appellant had declined to return the same saying that he had found the same lying in the bazar and moreover he had not allowed his father to tie the rope. There was an exchange of abuses, but the matter ended there.In the evening on that day when P1 visited the shop of the appellants, P2 complained about the conduct of the first appellant P3.  However, P1 persuaded the first appellant to return the underwear of witness P2. At about 9.30 p.m. on that day deceased P4 accompanied by PW P5 visited the house of witness P2 for settling the details of the marriage that was to be performed in the near future. At about 10.00 p.m., deceased P4 and PW P5 left the house of witness P2. P2 followed them. When they reached the bazar locality, all the three of them saw the two appellants and P1 standing in front of their shop and on seeing deceased P4 and his companions, they raised chargers. P1 raised lalkaras and exhorted the appellants to catch hold of witness P2 and that he should not be allowed to escape. It is alleged that appellants 1 and 2, each of them was armed with a dagger. The first appellant P3 gave a blow with dagger on the left side of the chest of deceased P4, who fell down on the ground. When PW P5 rushed to the rescue of deceased P4, second appellant P7 gave two blows with a dagger and he also fell on the ground. Witness PW 8 P6 raised an alarm and the rickshaws to the hospital where on reaching the hospital P4 was pronounced dead by the Medical Officer who examined him. PW P5 was admitted in the hospital. PW 6 P2 lodged the first information report and the offence was registered."" ",NA,NA,NA,NA,   ,NA,NA,NA,NA,NA,NA,NA,NA,NA,NA,NA,,,,,NA, P4 was pronounced dead by the Medical Officer who examined him. ,NA,NA,NA," all the three of them saw the two appellants and P1 standing in front of their shop and on seeing deceased P4 and his companions, they raised chargers. P1 raised lalkaras and exhorted the appellants to catch hold of witness P2 and that he should not be allowed to escape. It is alleged that appellants 1 and 2, each of them was armed with a dagger. ",NA,NA,NA,NA,NA,NA,NA,NA,NA,NA,NA,NA
"['Constitution_14', 'Constitution_21']","['Constitution_226','Indian Penal Code, 1860_302','Constitution_14','Constitution_32','Indian Penal Code, 1860_300','Constitution_21']","""Interpretation and/or application of Medical Benefit Rules applicable in the State S1 as also in the State S2 is in question before us in these appeals which arise out of the judgment and order dated 20th June, 2005 passed by S1 High Court in Writ Petition No. 10942""","""P2 was being treated for renal failure in 1997. He was referred to Hospital H2 for kidney transplantation by the Hospital H3. However, as H2 showed its inability to admit him because of non-availability of bed. Transplantation of kidney was carried out in Hospital H4, in 1997.""","""Respondent in the S1 case is an officer working in the Office of the Department of Commercial Taxes. He underwent 'Coronary Artery' Bypass Surgery in the Hospital H1 having been admitted on 19th June, 2000.""",NA,"""Respondent, however, claimed that the entire sum may be reimbursed. Other medical expenses incurred by P2, as follow up measures, have been reimbursed to the respondent herein.""",NA,"""P2 was being treated for renal failure in 1997. He was referred to Hospital H2 for kidney transplantation by the Hospital H3. However, as H2 showed its inability to admit him because of non-availability of bed. Transplantation of kidney was carried out in Hospital H4, in 1997.""",NA,NA,NA,NA,NA,NA,NA,NA,"""P2 obtained treatment in the Hospital H4 from 4th July to 29th July, 2003. He unfortunately breathed his last on 7th November, 2003.""",NA,NA,,,,,NA,NA,"As he was not treated by H2, he filed a writ petition in the High Court of Delhi for a direction to admit him therein. Respondent claimed medical reimbursement to the tune of Rs.6,52,148/- with interest. Only a sum of Rs.75,000/- was, however, sanctioned by the State of Rajasthan as being admissible, purported to be in terms of the Rules. Feeling aggrieved, a writ petition was filed in the High Court of Rajasthan which by reason of the impugned judgment and order has been allowed directing :-As a result of the aforesaid discussion the writ petition succeeds and same is allowed0",NA,NA,NA," He claimed re-imbursement thereof. State S1 sanctioned and reimbursed a sum of Rs.39,207/-. Feeling aggrieved, a writ petition was filed which, by reason of the impugned judgment, has been allowed. Respondent claimed medical reimbursement to the tune of Rs.6,52,148/- with interest. Only a sum of Rs.75,000/- was, however, sanctioned by the State of Rajasthan as being admissible, purported to be in terms of the Rules. Feeling aggrieved, a writ petition was filed in the High Court of Rajasthan which by reason of the impugned judgment and order has been allowed directing :-As a result of the aforesaid discussion the writ petition succeeds and same is allowed",NA,NA,NA,NA,NA,NA,NA,NA,NA,NA,NA
"['Indian Penal Code, 1860_325', 'Indian Penal Code, 1860_34', 'Indian Penal Code, 1860_321']","['Constitution_226','Indian Penal Code, 1860_34', 'Indian Penal Code, 1860_324']","""Appellants call in question legality of the judgment rendered by the High Court""",NA,NA,NA,NA,"""P6 (A-1) armed with a Gandasi and P7 (A-2) armed with a lathi were present there. P7 made an obscene gesture. At this P7 and the deceased exchanged hot words and abused each other. P6 gave a Gandasi blow on the right hand of the deceased, which caused a grievous injury. P7 gave a lathi blow on the left foot of the deceased and also gave a thrust blow of lathi on the left side of his head.""",NA,NA,NA,NA,NA,NA,NA,"""P6 gave a Gandasi blow on the right hand of the deceased, which caused a grievous injury. P7 gave a lathi blow on the left foot of the deceased and also gave a thrust blow of lathi on the left side of his head.""",NA,NA,NA,NA,,,,,NA,NA,NA,NA,NA, P6 (A-1) armed with a Gandasi and P7 (A-2) armed with a lathi were present there. ,NA,NA,NA,NA,NA,"P6 gave a Gandasi blow on the right hand of the deceased, which caused a grievous injury. P7 gave a lathi blow on the left foot of the deceased and also gave a thrust blow of lathi on the left side of his head. ",NA,NA,NA,NA,"P6 gave a Gandasi blow on the right hand of the deceased, which caused a grievous injury. P7 gave a lathi blow on the left foot of the deceased and also gave a thrust blow of lathi on the left side of his head. ",NA
"['Constitution_226', 'Constitution_21']","['Constitution_226','Constitution_14','Constitution_136','Constitution_32']","""the appellant filed a petition before the High Court challenging the validity of Clause 19 of the Fertilizer (Control) Order""",NA,"""The case of the appellant was that since Clause 19 does not permit an accused a right to adduce evidence to contradict the report of the public analyst, the said clause is ultra vires articles of the Constitution.""","""Aggrieved by the judgment of the learned Single Judge, the respondents preferred a letters patent appeal before the Division Bench of the High Court""","""the right to move the Supreme Court by appropriate proceedings for the enforcement of the rights conferred by this Part is guaranteed""",NA,NA,NA,NA,NA,NA,NA,NA,NA,NA,NA,NA,NA,,,,, the appellant filed a petition before the High Court challenging the validity of Clause 19 of the Fertilizer (Control) Order,NA,NA,NA,NA,NA," The case of the appellant was that since Clause 19 does not permit an accused a right to adduce evidence to contradict the report of the public analyst, the said clause is ultra vires articles of the Constitution.  the respondent threatened the appellant to prosecute him. ",NA,NA,NA,NA,NA,NA,NA,NA,NA,NA,NA
"['Indian Penal Code, 1860_302']","['Constitution_226', 'Constitution_21', 'Indian Penal Code, 1860_120', 'Indian Penal Code, 1860_148']","""Challenge in this appeal is to the order of a High Court allowing the appeal filed by the respondent (hereinafter referred to as the \'accused\').""",NA,NA,NA,NA,NA,  ,NA,"""Subsequently, however, P.W.42, who took over investigation from P.W.40 filed charge-sheet only against the present appellant on the footing that P.Ws. 1 to 4 had no role to play in the crime.""",NA," ""Ex.P-6 is the statement leading to recovery of Travel bags (M.Os. 2 & 3), knife (.M.0.5), wooden log (M.0.28), rubber gloves (M.0.29 series) cotton rope with human hair (MN.O.30 series), two sponges soaked with blood (M.0.31 series), bloodstained blue clolour jean pant (M.0.32), bloodstained white banian (M.0.33), colour banian (M.0.34), bloodstained grey colour pant (M.0.35), bloodstained pillow (M.0.36), plastic bucket (M.0.37) from the house of P.W.3.""",NA,NA,NA,NA,NA,NA,NA,,,,,NA," The deceased   P1 was lying in a pool of blood with her face covered with a bag.   The accused is stated to have been arrested on suspicion   P.W.42, who took over investigation from P.W.40 filed charge-sheet only against the present appellant ",NA,NA,NA,NA,NA,NA,NA,NA,NA,NA,NA,NA,NA,NA,NA,NA
"['Constitution_14', 'Constitution_226']","['Constitution_226', 'Constitution_136', 'Indian Penal Code, 1860_324']","Power of High Courts to issue certain writs - ""The said contention of the respondent was accepted by the High Court and by reason of its impugned judgment the appellant was directed to provide 'the graded scale' to the appellant by providing three grades, the initial being Grade III which is the Post of Law Officer cum Draftsman and thereafter Grade II and Grade I. Officer of Judicial Service."" ",NA,NA,"Special leave to appeal by the Supreme Court - ""Questioning the said direction, the appellants are before us.""",,NA,NA,NA,NA,NA,NA,NA,NA,S24,NA,NA,NA,NA,,,,, the respondent herein filed a writ petition seeking for a specific direction upon the appellant herein to provide at least two promotional avenues. S3,NA,NA,NA,NA,NA,NA,NA,NA,NA,NA,NA,NA,NA,NA,NA,NA,NA
"['Indian Penal Code, 1860_307', 'Indian Penal Code, 1860_321', 'Indian Penal Code, 1860_302', 'Indian Penal Code, 1860_300']","['Constitution_226', 'Constitution_21','Indian Penal Code, 1860_307','Indian Penal Code, 1860_321','Indian Penal Code, 1860_324','Special Courts Act, 1979_5','Indian Penal Code, 1860_300']","""Appellant calls in question legality of the judgment rendered by High Court confirming his conviction for offence and sentence of imprisonment for life as awarded by the learned Sessions Judge."" ",NA,"""The State shall not deny to any person equality before the law or the equal protection of the laws within the territory of India.""",NA,# 20,NA,  ,NA,NA,"""The accused rushed to the deceased saying ""you die, old man"" and hit him with a stick (M.O.1) on his head.""",NA,"""The deceased sustained injuries and there was profuse bleeding.""",NA,"""The accused rushed to the deceased saying ""you die, old man"" and hit him with a stick (M.O.1) on his head.""","""The Trial Court found that the evidence of eye witnesses PWs. 1, 2 and 3 were cogent and credible. The accused used to tease girls working in the factory of the deceased. When the deceased objected to the same, there was some misunderstanding and at the time of occurrence when the deceased was coming by bicycle, the accused rushed towards him and attacked him; resulting the fatal injury. When the eye witnesses rushed to help the deceased, the accused ran away. Placing reliance on the evidence and considering the entire material on record the trial Court found the accused guilty and convicted as aforesaid. An appeal was preferred before the High Court questioning the conviction and sentence.""","""The doctor opined that the injury was sufficient in ordinary course of nature to cause death.""",NA,NA,,,,,NA,NA,NA,NA,NA,NA,NA,NA,NA,NA,NA,NA,NA,NA,NA,NA,NA,NA
"['Indian Penal Code, 1860_34', 'Constitution_32', 'Constitution_226']","['Constitution_226', 'Constitution_14', 'Constitution_21', 'Indian Penal Code, 1860_300']","""Transfer Petition have been filed to transfer the petitions filed pending before the High Court of S1 to the High Court of S2."" ",NA,"""The petitioner claims transfer of the said two petitions contending that she has no means or a male member in her family to support her to pursue the case at S1."" ",NA,NA,NA,"""The petitioner also alleges that she faces threat to her life on account of the private respondents."" ",NA,NA,NA,NA,NA,NA,NA,NA,"  Murder - ""On 04.04.2013, the petitioner lodged a complaint against her husband, her parents-in-law and sister-in-law alleging that they have subjected her to physical and mental cruelty."" ",NA,NA,,,,,NA,NA,NA,NA,NA," a case was registered in FIR for the offences punishable against the petitioner's husband Lt. P1, her parents-in-law, sister-in-law and the said five naval officers and wife of one of them.  complaint against her husband, her parents-in-law and sister-in-law alleging that they have subjected her to physical and mental cruelty. ",NA,NA,NA,NA,NA,NA,NA,NA,NA,NA,NA,NA
"['Indian Penal Code, 1860_5', 'Indian Penal Code, 1860_120', 'Special Courts Act, 1979_5']","['Constitution_226', 'Constitution_21', 'Indian Penal Code, 1860_149', 'Indian Penal Code, 1860_120', 'Indian Penal Code, 1860_307', 'Indian Penal Code, 1860_148', 'Indian Penal Code, 1860_321', 'Indian Penal Code, 1860_147', 'Indian Penal Code, 1860_324', 'Special Courts Act, 1979_5', 'Indian Penal Code, 1860_300', 'Indian Penal Code, 1860_325']","""Power of High Courts to issue certain writs - due to the fact that the High Court passed an order dated 10.11.1998 setting aside the order of the learned Special Judge, framing charges and discharging the respondent.""",NA,NA,NA,NA,NA,  Protection of life and personal liberty - due to the fact that the respondent was a public servant.,"due to the fact that the respondent was accused of acquiring property in excess of the known source of his income and the assets of his wife, mother-in-law, father, brother and nephew were connected with the assets of the respondent.","Punishment for criminal conspiracy - due to the fact that the respondent was accused of acquiring property in excess of the known source of his income and the assets of his wife, mother-in-law, father, brother and nephew were connected with the assets of the respondent.","  Attempt to murder - due to the fact that the respondent was accused of acquiring property in excess of the known source of his income and the assets of his wife, mother-in-law, father, brother and nephew were connected with the assets of the respondent.","  Rioting, armed with deadly weapon - due to the fact that the respondent was accused of acquiring property in excess of the known source of his income and the assets of his wife, mother-in-law, father, brother and nephew were connected with the assets of the respondent.","  Punishment for voluntarily causing hurt - due to the fact that the respondent was accused of acquiring property in excess of the known source of his income and the assets of his wife, mother-in-law, father, brother and nephew were connected with the assets of the respondent.","Punishment for rioting - due to the fact that the respondent was accused of acquiring property in excess of the known source of his income and the assets of his wife, mother-in-law, father, brother and nephew were connected with the assets of the respondent.: Punishment for voluntarily causing hurt - due to the fact that the respondent was accused of acquiring property in excess of the known source of his income and the assets of his wife, mother-in-law, father, brother and nephew were connected with the assets of the respondent.","  Voluntarily causing hurt by dangerous weapons or means - due to the fact that the respondent was accused of acquiring property in excess of the known source of his income and the assets of his wife, mother-in-law, father, brother and nephew were connected with the assets of the respondent.",   - due to the fact that the respondent filed a Criminal Revision in the High Court and the High Court disposed of the Revision Petition.,"  Murder - due to the fact that the respondent was accused of acquiring property in excess of the known source of his income and the assets of his wife, mother-in-law, father, brother and nephew were connected with the assets of the respondent.","Punishment for voluntarily causing grievous hurt - due to the fact that the respondent was accused of acquiring property in excess of the known source of his income and the assets of his wife, mother-in-law, father, brother and nephew were connected with the assets of the respondent.",NA,,,,,NA,NA,NA,NA,NA,NA,NA,NA,NA,NA,NA,NA,NA,NA," Aggrieved by the order dated 4.4.1988 framing charges in the Special Case No. 26/96 by the Special Judge, the respondent filed Criminal Revision. The High Court by order dated 10.11.1998 accepted the case of the respondent, set aside the order of the learned Special Judge, framing charges and discharged the respondent. ",NA,NA,NA
"['Indian Penal Code, 1860_148', 'Indian Penal Code, 1860_149', 'Indian Penal Code, 1860_302', 'Indian Penal Code, 1860_147']","['Indian Penal Code, 1860_302']",NA,"""On 12 April 1983 at about 7.00 P.M. the deceased accompanied by P3, had gone to P4 (PW-8) to engage some labourers for cutting crop in his field and while returning from the house of P4, when the deceased came near the L1 of appellant No. 4, he shouted to the remaining accused who were there that the deceased was their enemy and he should not be allowed to go and kill him. The appellant No. 6 P5 assaulted the deceased with the lathi on his head. When he fell down on the ground, all the appellants assaulted him. In spite of P3 intervening, the appellants did not stop assaulting. When they found that the deceased had died, the appellants dragged his body from the spot to place near L2 of appellant No. 1 P6. Thereafter, they ran away.""",NA,NA,NA,NA,NA,NA,NA,NA,NA,NA,NA,NA,NA,NA,NA,NA,,,,,NA,  The appellant No. 6 P5 assaulted the deceased with the lathi on his head. ,NA,NA,NA,NA,NA,"when the deceased came near the L1 of appellant No. 4, he shouted to the remaining accused who were there that the deceased was their enemy and he should not be allowed to go and kill him. $ $S2  The appellant No. 6 P5 assaulted the deceased with the lathi on his head. $ When he fell down on the ground, all the appellants assaulted him. In spite of P3 intervening, the appellants did not stop assaulting. S15$ S21$ When they found that the deceased had died, the appellants dragged his body from the spot to place near L2 of appellant No. 1 P6. S2$ Thereafter, they ran away. ",NA,"when the deceased came near the L1 of appellant No. 4, he shouted to the remaining accused who were there that the deceased was their enemy and he should not be allowed to go and kill him. S11$ $S2  The appellant No. 6 P5 assaulted the deceased with the lathi on his head. $S11 When he fell down on the ground, all the appellants assaulted him. In spite of P3 intervening, the appellants did not stop assaulting. ",NA,NA," when the deceased came near the L1 of appellant No. 4, he shouted to the remaining accused who were there that the deceased was their enemy and he should not be allowed to go and kill him. S11",NA,NA,NA,NA,NA
"['Indian Penal Code, 1860_302']","['Constitution_226', 'Indian Penal Code, 1860_302', 'Constitution_136', 'Indian Penal Code, 1860_34', 'Constitution_21', 'Indian Penal Code, 1860_149', 'Indian Penal Code, 1860_120']","Power of High Courts to issue certain writs - ""The appellant preferred Criminal Appeal No.125 of 1995 before the High Court which was dismissed by the High Court by its impugned judgment and order of April 5, 2002.""","Punishment for Murder - ""The trial court by its judgment and order of April 24, 1995 found the appellant guilty of offence and sentenced him to undergo rigorous imprisonment for 10 years.""",NA,"Special leave to appeal by the Supreme Court - ""In this appeal by special leave the sole appellant is P1 who alongwith six others was put up for trial before the Additional Sessions Judge in charged of the offence.""",NA,"  Acts done by several persons in furtherance of common intention - ""The case of the prosecution is that the informant Dr. D1 is a resident of L1. On January 13, 1989 at 2010 hours he lodged a first information report at police station in which he stated that on that date at about 7.30 p.m. while he was watching the television, other members of the family were in the house. His son P5, PW-1 had gone to the fields and had not returned. While he was watching the television he saw that three persons entered his house with concealed faces.""","  Protection of life and personal liberty - ""The informant claimed to have recognized one of the miscreants as P2 who assaulted him on his back with the barrel of his pistol as a result of which his grip over one of the dacoits, whom he had caught, loosened and that dacoit slipped a","""The case of the prosecution is that the informant Dr. D1 is a resident of L1. On January 13, 1989 at 2010 hours he lodged a first information report at police station in which he stated that on that date at about 7.30 p.m. while he was watching the television, other members of the family were in the house. His son P5, PW-1 had gone to the fields and had not returned. While he was watching the television he saw that three persons entered his house with concealed faces.""","  Punishment of criminal conspiracy - ""The case of the prosecution is that the informant Dr. D1 is a resident of L1. On January 13, 1989 at 2010 hours he lodged a first",NA,NA,NA,NA,NA,NA,NA,NA,NA,,,,,NA,Rajesh Yadav exhorted Parshuram to fire and thereafter Parshuram fired hitting his daughter P7.His daughter P7 succumbed to her injuries,NA,NA,NA,NA,NA,NA,NA,NA,NA,NA,NA,NA,NA,NA,NA,NA
"['Indian Penal Code, 1860_300', 'Indian Penal Code, 1860_302']","['Constitution_226', 'Constitution_21', 'Indian Penal Code, 1860_148','Indian Penal Code, 1860_321','Special Courts Act, 1979_5','Indian Penal Code, 1860_300']"," ""Challenge in this appeal is to the judgment of the High Court"" ",NA,NA,NA,NA,NA,  ,NA,NA,NA,"  ""Immediately, the accused snatched the aruval and cut him on the neck and shoulder indiscriminately.""","The accused was insisting him to give that land also. There arose a civil dispute between them. It also ended in favour of P1. On the day of occurrence i.e, 26.05.2003 at about 7.00 A.M., PW-1 was going to the garden to pluck vegetables. At that time, her father-in-law, the said P1, was cutting trees. He was having a spade and aruval in hand. At that time, the accused came there and questioned how he could cut the trees, and following the same, there was a wordy duel. Immediately, the accused snatched the aruval and cut him on the neck and shoulder indiscriminately.",NA,NA,"The prosecution version, in a nutshell, is as follows...The accused was insisting him to give that land also. There arose a civil dispute between them.""","""At that time, the accused came there and questioned how he could cut the trees, and following the same, there was a wordy duel. Immediately, the accused snatched the aruval and cut him on the neck and shoulder indiscriminately.""",NA,NA,,,,,NA, The said P1 met his instantaneous death.  the accused snatched the aruval and cut him on the neck and shoulder indiscriminately,NA,NA,NA,NA,NA,NA,NA,NA,NA,NA,NA,NA,NA,the accused snatched the aruval and cut him on the neck and shoulder indiscriminately,NA,NA
"['Indian Penal Code, 1860_120']","['Constitution_226', 'Constitution_14', 'Constitution_21', 'Indian Penal Code, 1860_120']","""Aggrieved, respondents moved the High Court leading to the impugned order"" ",NA,"""Whether sanction is required to initiate criminal proceedings in respect of offences is the question arising for consideration in these cases."" ",NA,NA,NA,"  ""Whether sanction is required to initiate criminal proceedings in respect of offences is the question arising for consideration in these cases."" ",NA,"   ""The main allegation against the respondents was that while they were working as Sub-Registrars in various offices in the State, they conspired with stamp vendors and document writers and other staff to gain monetary benefit and resorted to manipulation of registers and got the registration of the documents with old value of the properties, resulting in wrongful gain to themselves and loss to the Government, and thereby cheated the public and the Government."" ",NA,NA,NA,NA,NA,NA,NA,NA,NA,,,,,NA,NA,NA,NA,NA,NA,NA,NA,"S62 they conspired with stamp vendors and document writers and other staff to gain monetary benefit and resorted to $S20 $S40 manipulation of registers and got the registration of the documents with old value of the properties, S40$ resulting in wrongful gain to themselves and loss to the Government, S20$ and thereby cheated the public and the Government.",NA,NA,NA,NA,NA,NA,NA,NA,NA
"['Indian Penal Code, 1860_302', 'Special Courts Act, 1979_5', 'Indian Penal Code, 1860_34']","['Constitution_226', 'Constitution_14', 'Constitution_32']","""He filed a writ petition before the High Court"" ",NA,"""The State shall not deny to any person equality before the law or the equal protection of the laws within the territory of India"" ",NA,"""Having been acquitted in the criminal proceeding, he filed a writ petition before the High Court"" ",NA,NA,NA,NA,NA,NA,NA,NA,NA,NA,NA,NA,NA,,,,,NA,NA,NA,NA,NA,NA,NA,NA,NA,NA,NA,NA,NA,NA,NA,NA,NA,NA
"['Indian Penal Code, 1860_5', 'Special Courts Act, 1979_5']","['Constitution_226', 'Constitution_32']","""A peculiar feature of this appeal by special leave is that it is not an appeal against conviction or against acquittal but one preferred by a prosecution witness for expunction of several highly derogatory remarks made against him by a learned Judge of the High Court while allowing a Criminal Appeal at the High Court.""",NA,NA,NA,"""The right to move the Supreme Court by appropriate proceedings for the enforcement of the rights conferred by this Part is guaranteed.""",NA,NA,NA,NA,NA,NA,NA,NA,NA,NA,NA,NA,NA,,,,,NA,NA,NA,NA,NA,NA,NA,NA,NA,NA,NA,NA,NA,NA,NA,NA,NA,NA
